{"cameraMode":{"drawMode":0,"name":"Shaded","section":"Shading Mode"},"sceneLighting":false,"audioPlay":false,"sceneViewState":{"m_AlwaysRefresh":false,"showFog":true,"showSkybox":false,"showFlares":true,"showImageEffects":true,"showParticleSystems":true,"showVisualEffectGraphs":true,"m_FxEnabled":true},"in2DMode":false,"pivot":{"x":-1.0326557159423829,"y":0.8125309944152832,"z":-0.37000083923339846},"rotation":{"x":0.017813323065638543,"y":-0.5293739438056946,"z":0.011118484660983086,"w":0.8481290340423584},"size":7.00401496887207,"orthographic":false}